name,x,y
albertville,6.3288829,45.6263899