name,x,y
muenster,8.2632977,46.4803000
meiringen,8.1088864,46.7422210
