name,x,y
albertville,6.3288829,45.6263899
challes-les-eaux,5.9755551,45.5608365
le-versoud,5.8485135,45.2181982
